iso,country,currencyname,currencycode,symbol
AL,"Albania","Albania Lek",ALL,"&#76;&#101;&#107;"
AF,"Afghanistan","Afghanistan Afghani",AFN,"&#1547;"
AR,"Argentina","Argentina Peso",ARS,"&#36;"
AW,"Aruba","Aruba Guilder",AWG,"&#402;"
AU,"Australia","Australia Dollar",AUD,"&#36;"
AZ,"Azerbaijan","Azerbaijan New Manat",AZN,"&#1084;&#1072;&#1085;"
BS,"Bahamas","Bahamas Dollar",BSD,"&#36;"
BB,"Barbados","Barbados Dollar",BBD,"&#36;"
BY,"Belarus","Belarus Ruble",BYR,"&#112;&#46;"
BZ,"Belize","Belize Dollar",BZD,"&#66;&#90;&#36;"
BM,"Bermuda","Bermuda Dollar",BMD,"&#36;"
BO,"Bolivia","Bolivia Boliviano",BOB,"&#36;&#98;"
BA,"Bosnia and Herzegovina","Bosnia and Herzegovina Convertible Marka",BAM,"&#75;&#77;"
BW,"Botswana","Botswana Pula",BWP,"&#80;"
BG,"Bulgaria","Bulgaria Lev",BGN,"&#1083;&#1074;"
BR,"Brazil","Brazil Real",BRL,"&#82;&#36;"
BN,"Brunei","Brunei Darussalam Dollar",BND,"&#36;"
KH,"Cambodia","Cambodia Riel",KHR,"&#6107;"
CA,"Canada","Canada Dollar",CAD,"&#36;"
KY,"Cayman Islands","Cayman Islands Dollar",KYD,"&#36;"
CL,"Chile","Chile Peso",CLP,"&#36;"
CN,"China","China Yuan Renminbi",CNY,"&#165;"
CO,"Colombia","Colombia Peso",COP,"&#36;"
CR,"Costa Rica","Costa Rica Colon",CRC,"&#8353;"
HR,"Croatia","Croatia Kuna",HRK,"&#107;&#110;"
CU,"Cuba","Cuba Peso",CUP,"&#8369;"
CZ,"Czech Republic","Czech Republic Koruna",CZK,"&#75;&#269;"
DK,"Denmark","Denmark Krone",DKK,"&#107;&#114;"
DO,"Dominican Republic","Dominican Republic Peso",DOP,"&#82;&#68;&#36;"
AG,"Antigua and Barbuda","East Caribbean Dollar",XCD,"&#36;"
EG,"Egypt","Egypt Pound",EGP,"&#163;"
AD,"Andorra","Euro Member Countries",EUR,"&#8364;"
FK,"Falkland Islands","Falkland Islands (Malvinas) Pound",FKP,"&#163;"
FJ,"Fiji","Fiji Dollar",FJD,"&#36;"
GI,"Gibraltar","Gibraltar Pound",GIP,"&#163;"
GT,"Guatemala","Guatemala Quetzal",GTQ,"&#81;"
GY,"Guyana","Guyana Dollar",GYD,"&#36;"
HN,"Honduras","Honduras Lempira",HNL,"&#76;"
HK,"Hong Kong","Hong Kong Dollar",HKD,"&#36;"
HU,"Hungary","Hungary Forint",HUF,"&#70;&#116;"
IS,"Iceland","Iceland Krona",ISK,"&#107;&#114;"
IN,"India","India Rupee",INR,"&#;"
ID,"Indonesia","Indonesia Rupiah",IDR,"&#82;&#112;"
IR,"Iran","Iran Rial",IRR,"&#65020;"
IL,"Israel","Israel Shekel",ILS,"&#8362;"
JM,"Jamaica","Jamaica Dollar",JMD,"&#74;&#36;"
JP,"Japan","Japan Yen",JPY,"&#165;"
KZ,"Kazakhstan","Kazakhstan Tenge",KZT,"&#1083;&#1074;"
KP,"North Korea","Korea (North) Won",KPW,"&#8361;"
KR,"South Korea","Korea (South) Won",KRW,"&#8361;"
KG,"Kyrgyzstan","Kyrgyzstan Som",KGS,"&#1083;&#1074;"
LA,"Laos","Laos Kip",LAK,"&#8365;"
LV,"Latvia","Latvia Lat",LVL,"&#76;&#115;"
LB,"Lebanon","Lebanon Pound",LBP,"&#163;"
LR,"Liberia","Liberia Dollar",LRD,"&#36;"
LT,"Lithuania","Lithuania Litas",LTL,"&#76;&#116;"
MK,"Macedonia","Macedonia Denar",MKD,"&#1076;&#1077;&#1085;"
MY,"Malaysia","Malaysia Ringgit",MYR,"&#82;&#77;"
MU,"Mauritius","Mauritius Rupee",MUR,"&#8360;"
MX,"Mexico","Mexico Peso",MXN,"&#36;"
MN,"Mongolia","Mongolia Tughrik",MNT,"&#8366;"
MZ,"Mozambique","Mozambique Metical",MZN,"&#77;&#84;"
NA,"Namibia","Namibia Dollar",NAD,"&#36;"
NP,"Nepal","Nepal Rupee",NPR,"&#8360;"
CW,"Curacao","Netherlands Antilles Guilder",ANG,"&#402;"
CK,"Cook Islands","New Zealand Dollar",NZD,"&#36;"
NI,"Nicaragua","Nicaragua Cordoba",NIO,"&#67;&#36;"
NG,"Nigeria","Nigeria Naira",NGN,"&#8358;"
KP,"North Korea","Korea (North) Won",KPW,"&#8361;"
BV,"Bouvet Island","Norway Krone",NOK,"&#107;&#114;"
OM,"Oman","Oman Rial",OMR,"&#65020;"
PK,"Pakistan","Pakistan Rupee",PKR,"&#8360;"
PA,"Panama","Panama Balboa",PAB,"&#66;&#47;&#46;"
PY,"Paraguay","Paraguay Guarani",PYG,"&#71;&#115;"
PE,"Peru","Peru Nuevo Sol",PEN,"&#83;&#47;&#46;"
PH,"Philippines","Philippines Peso",PHP,"&#8369;"
PL,"Poland","Poland Zloty",PLN,"&#122;&#322;"
QA,"Qatar","Qatar Riyal",QAR,"&#65020;"
RO,"Romania","Romania New Leu",RON,"&#108;&#101;&#105;"
RU,"Russia","Russia Ruble",RUB,"&#1088;&#1091;&#1073;"
SH,"Saint Helena","Saint Helena Pound",SHP,"&#163;"
SA,"Saudi Arabia","Saudi Arabia Riyal",SAR,"&#65020;"
RS,"Serbia","Serbia Dinar",RSD,"&#1044;&#1080;&#1085;&#46;"
SC,"Seychelles","Seychelles Rupee",SCR,"&#8360;"
SG,"Singapore","Singapore Dollar",SGD,"&#36;"
SB,"Solomon Islands","Solomon Islands Dollar",SBD,"&#36;"
SO,"Somalia","Somalia Shilling",SOS,"&#83;"
ZA,"South Africa","South Africa Rand",ZAR,"&#82;"
KR,"South Korea","Korea (South) Won",KRW,"&#8361;"
LK,"Sri Lanka","Sri Lanka Rupee",LKR,"&#8360;"
SE,"Sweden","Sweden Krona",SEK,"&#107;&#114;"
CH,"Switzerland","Switzerland Franc",CHF,"&#67;&#72;&#70;"
SR,"Suriname","Suriname Dollar",SRD,"&#36;"
SY,"Syria","Syria Pound",SYP,"&#163;"
TW,"Taiwan","Taiwan New Dollar",TWD,"&#78;&#84;&#36;"
TH,"Thailand","Thailand Baht",THB,"&#3647;"
TT,"Trinidad and Tobago","Trinidad and Tobago Dollar",TTD,"&#84;&#84;&#36;"
TR,"Turkey","Turkey Lira",TRY,"&#;"
UA,"Ukraine","Ukraine Hryvna",UAH,"&#8372;"
GB,"United Kingdom","United Kingdom Pound",GBP,"&#163;"
AS,"American Samoa","United States Dollar",USD,"&#36;"
UY,"Uruguay","Uruguay Peso",UYU,"&#36;&#85;"
UZ,"Uzbekistan","Uzbekistan Som",UZS,"&#1083;&#1074;"
VE,"Venezuela","Venezuela Bolivar",VEF,"&#66;&#115;"
VN,"Vietnam","Viet Nam Dong",VND,"&#8363;"
YE,"Yemen","Yemen Rial",YER,"&#65020;"
